epoch,steps,cossim_accuracy,cossim_accuracy_threshold,cossim_f1,cossim_precision,cossim_recall,cossim_f1_threshold,cossim_ap,manhattan_accuracy,manhattan_accuracy_threshold,manhattan_f1,manhattan_precision,manhattan_recall,manhattan_f1_threshold,manhattan_ap,euclidean_accuracy,euclidean_accuracy_threshold,euclidean_f1,euclidean_precision,euclidean_recall,euclidean_f1_threshold,euclidean_ap,dot_accuracy,dot_accuracy_threshold,dot_f1,dot_precision,dot_recall,dot_f1_threshold,dot_ap
0,-1,0.98,0.5849251747131348,0.9803921568627451,0.9615384615384616,1.0,0.5603981614112854,0.9971456247752073,0.97,14.063721656799316,0.970873786407767,0.9433962264150944,1.0,14.955376625061035,0.9963984663472497,0.98,0.911106526851654,0.9803921568627451,0.9615384615384616,1.0,0.9376249313354492,0.9971456247752073,0.98,0.5849251747131348,0.9803921568627451,0.9615384615384616,1.0,0.5603981018066406,0.9971456247752073
