epoch,steps,cossim_accuracy,cossim_accuracy_threshold,cossim_f1,cossim_precision,cossim_recall,cossim_f1_threshold,cossim_ap,manhattan_accuracy,manhattan_accuracy_threshold,manhattan_f1,manhattan_precision,manhattan_recall,manhattan_f1_threshold,manhattan_ap,euclidean_accuracy,euclidean_accuracy_threshold,euclidean_f1,euclidean_precision,euclidean_recall,euclidean_f1_threshold,euclidean_ap,dot_accuracy,dot_accuracy_threshold,dot_f1,dot_precision,dot_recall,dot_f1_threshold,dot_ap
0,-1,0.96,0.6931177377700806,0.9615384615384615,0.9259259259259259,1.0,0.6123836040496826,0.9939235849963568,0.96,12.323186874389648,0.9615384615384615,0.9259259259259259,1.0,13.86331558227539,0.9939235849963568,0.96,0.7831993103027344,0.9615384615384615,0.9259259259259259,1.0,0.8804047107696533,0.9939235849963568,0.96,0.6931177377700806,0.9615384615384615,0.9259259259259259,1.0,0.6123836040496826,0.9939235849963568
