epoch,steps,cossim_accuracy,cossim_accuracy_threshold,cossim_f1,cossim_precision,cossim_recall,cossim_f1_threshold,cossim_ap,manhattan_accuracy,manhattan_accuracy_threshold,manhattan_f1,manhattan_precision,manhattan_recall,manhattan_f1_threshold,manhattan_ap,euclidean_accuracy,euclidean_accuracy_threshold,euclidean_f1,euclidean_precision,euclidean_recall,euclidean_f1_threshold,euclidean_ap,dot_accuracy,dot_accuracy_threshold,dot_f1,dot_precision,dot_recall,dot_f1_threshold,dot_ap
0,0,0.98,0.42976826429367065,0.9803921568627451,0.9615384615384616,1.0,0.4096537232398987,0.9830875580103983,0.98,16.612812042236328,0.9803921568627451,0.9615384615384616,1.0,17.05626106262207,0.9830779424835413,0.98,1.067917823791504,0.9803921568627451,0.9615384615384616,1.0,1.0865962505340576,0.9830875580103983,0.98,0.42976826429367065,0.9803921568627451,0.9615384615384616,1.0,0.40965378284454346,0.9830875580103983
